951555049	Nolan	Cassidy	FALSE	x@numbers.com	n OH l uh n	
						
9001	Quinn	Holden	FALSE	x@numbers.com	k w ih n	
						
9002	Samara	Madden	FALSE	x@numbers.com	s uh m AA r uh	Sam
						
9003	Camilla	Reynolds	FALSE	x@numbers.com	cuh MIL uh	
						
9004	Jazmin	Owen	FALSE	x@numbers.com	jazz min	Jax
						
9005	Dahlia	Rodgers	FALSE	x@numbers.com	d ah l y ah	
						
9006	Maggie	Cordova	FALSE	x@numbers.com	MA gEE	Mags
						
9007	Gael	Newman	FALSE	x@numbers.com	G EH L	
						
9008	NONAN	Vance	FALSE	x@numbers.com	t AI l er	Tay
						
9009	Marley	Armstrong	FALSE	x@numbers.com	mar lee	
						
9010	Mikaela	Johnson	FALSE	x@numbers.com	m ih k ai l ah	
						
9011	Kody	Drake	FALSE	x@numbers.com	Koh Dee	
						
9012	Paula	Anderson	FALSE	x@numbers.com	PAW la	
						
9013	Terry	Blevins	FALSE	x@numbers.com	t AIR ee	Tom
						
9014	Ronan	Romero	FALSE	x@numbers.com	roe NAN	
